{"loss": [1213.2692308213975, 179.8162105984158, 143.66554378933375, 129.2721627129449, 120.16208886040582, 111.46647288004557, 105.15501573350694, 100.97005343967014, 98.85558319091797, 96.24962497287326, 92.14204584757486, 89.22265718248156, 87.05907575819228, 84.5604128519694, 83.34578094482421, 80.02150666978625, 76.14391089545356, 76.68679207695855, 72.29111124674479, 72.42593248155382, 71.03558705647787, 69.13017171223959, 66.92668914794922, 66.18973914252388, 65.24416817559137, 63.19582383897569, 62.970924546983504, 63.07853486802843, 62.91114196777344, 60.85432951185438, 61.86472104390462, 59.38520342508952, 58.31443845960829, 59.26383895874024, 58.74757147894965, 55.76912807888455, 56.23234558105469, 55.86159456041124, 54.357719633314346, 54.24728851318359, 54.3672592163086, 54.155740865071614, 54.01663903130425, 53.52690505981445, 51.82944255405002, 52.35246319240994, 51.87761976453993, 52.372993850708006, 51.85260111490886, 50.60908190409342, 46.96698095533583, 46.44143240186903, 46.127894337972, 45.53849932352702, 45.24669939676921, 45.0265864054362, 44.45683186848958, 44.93201421101888, 45.10893830193414, 44.02602174546983, 44.60399890475803, 44.4851018693712, 44.962498601277666, 43.697687191433374, 43.63858248392741, 44.105445861816406, 43.629142973158096, 42.764685736762154, 42.386125055948895, 43.410224193996854, 43.46118664211697, 43.14681968688965, 42.38846253289117, 42.2523918999566, 42.37551884121365, 42.60720998975966, 41.63034570482042, 42.75704498291016, 42.76591394212511, 42.39206157260471, 41.46388693915473, 41.766410488552516, 43.35332959493001, 41.61065669589573, 41.399209086100264, 41.91810451083713, 41.60644162495931, 40.600393803914386, 41.537370130750865, 40.988709682888455, 40.63141547309028, 41.51238276163737, 41.45856221516927, 40.81025984022352, 41.43495462205675, 40.64514706929525], "val_loss": [836.1590576171875, 366.1407165527344, 216.28805541992188, 144.38302612304688, 167.36239624023438, 122.20751190185547, 144.46728515625, 148.24095153808594, 156.66334533691406, 111.76841735839844, 152.307861328125, 117.47624206542969, 111.68688201904297, 167.15682983398438, 154.45570373535156, 57.710601806640625, 77.59073638916016, 83.58035278320312, 84.58513641357422, 104.35540008544922, 59.177791595458984, 81.9609375, 48.620174407958984, 78.40290832519531, 93.4375, 57.35905838012695, 69.39641571044922, 71.7242431640625, 54.677852630615234, 74.11227416992188, 65.10057830810547, 67.94496154785156, 75.54625701904297, 44.09073257446289, 43.626197814941406, 82.78963470458984, 43.5794677734375, 81.22430419921875, 74.0134048461914, 44.31581115722656, 69.39482116699219, 72.94630432128906, 53.62568283081055, 50.1153450012207, 54.4869499206543, 63.36832809448242, 66.00303649902344, 85.01751708984375, 62.6191520690918, 60.900596618652344, 53.258155822753906, 40.99272155761719, 68.73515319824219, 53.54551696777344, 53.7479133605957, 59.378501892089844, 40.702781677246094, 50.33636474609375, 56.60848617553711, 34.51479721069336, 53.18026351928711, 52.209110260009766, 48.163387298583984, 47.6837158203125, 45.949806213378906, 44.409454345703125, 55.901954650878906, 45.66251754760742, 41.60321044921875, 68.8286361694336, 38.00103759765625, 49.909454345703125, 50.168251037597656, 28.622995376586914, 47.925113677978516, 37.93476486206055, 60.02686309814453, 53.95882797241211, 66.59285736083984, 24.609580993652344, 55.715576171875, 28.81647491455078, 36.082237243652344, 46.395931243896484, 31.774219512939453, 43.87285614013672, 44.32283020019531, 44.26371765136719, 36.868202209472656, 46.5417366027832, 36.75556945800781, 47.8751106262207, 51.33740234375, 29.914794921875, 48.05854034423828, 35.26340866088867]}