{"loss": [1131.4921129014756, 176.8351335313585, 137.56049143473308, 123.63504113091363, 111.93040483262804, 107.09480590820313, 101.90092332628038, 99.27511901855469, 94.55891698201498, 91.75064273410374, 87.98739674886068, 86.15744425455729, 83.84027540418836, 80.32487699720595, 76.1217670864529, 79.5034423828125, 75.17709113226996, 71.10269529554579, 69.83646816677518, 69.19442621866862, 66.64056972927517, 66.38271153767904, 69.72886361016168, 64.66244388156467, 62.215801832411024, 61.44113532172309, 61.55765872531467, 60.56238322787814, 60.05259399414062, 60.673476452297635, 58.64598642985026, 57.41229404873318, 57.75106692843967, 56.4891064537896, 55.28304282294379, 53.26916580200195, 53.36972092522515, 54.59629101223416, 53.19564158121745, 56.0210691663954, 53.83150155809191, 52.427319844563804, 51.451705084906685, 50.997596486409506, 50.419225989447696, 50.774910651312936, 50.68565131293403, 51.28174336751302, 54.086575741238065, 49.449037382337785, 46.673337894015845, 45.56320173475478, 45.816948657565646, 44.69488834804959, 44.909139675564234, 44.33068945142958, 44.673894034491646, 43.89778476291232, 43.583231608072914, 43.43459782070584, 43.59154769049751, 43.3919305589464, 43.47422091166178, 42.84279416402181, 42.93184043036567, 42.85128245883518, 43.06767103407118, 42.97357732984755, 42.82982872856988, 42.296868260701494, 42.08306049770779, 41.807902060614694, 41.96790996127658, 41.140797509087456, 42.067773225572374, 41.84162449306912, 41.57821252610948, 41.4223627726237, 41.593116972181534, 41.46712582906087, 40.58107049730089, 40.90022273593479, 40.91370624966092, 40.99789301554362, 40.82793824937608, 40.02828759087457, 41.50020311143663, 40.164584689670136, 39.325037977430554, 39.858417977227106, 39.91438861423069, 39.81367730034722, 39.65270890129937, 39.45476926167806, 39.70831425984701, 40.15036930508084, 39.085499657524956, 38.901343154907224, 39.77952156066895, 39.35642352634006, 38.91718478732639, 39.10867559644911, 38.97315415276422], "val_loss": [1652.3140869140625, 390.1003723144531, 234.39830017089844, 190.8321990966797, 117.6407241821289, 158.7423858642578, 122.12034606933594, 127.58037567138672, 116.90507507324219, 103.9303207397461, 124.69632720947266, 77.02545928955078, 128.11607360839844, 109.99198913574219, 99.13030242919922, 74.867919921875, 86.32782745361328, 100.21455383300781, 69.57548522949219, 111.83565521240234, 79.24129486083984, 57.65716552734375, 88.08955383300781, 76.07272338867188, 84.42752075195312, 59.8211555480957, 52.66233444213867, 41.92700958251953, 95.86431884765625, 100.35173034667969, 49.91086959838867, 85.68766021728516, 61.281829833984375, 61.65983581542969, 55.031227111816406, 74.76791381835938, 66.2512435913086, 47.66008758544922, 67.6814956665039, 90.62796783447266, 68.15518188476562, 60.22636795043945, 61.229496002197266, 66.03163146972656, 40.8563117980957, 47.921607971191406, 42.099124908447266, 79.40825653076172, 36.17641067504883, 62.59096145629883, 32.45814895629883, 43.52955627441406, 48.080387115478516, 33.82448196411133, 53.049034118652344, 70.37840270996094, 46.937400817871094, 34.0827751159668, 30.372955322265625, 40.94953536987305, 33.843448638916016, 57.14443588256836, 52.647178649902344, 46.80674743652344, 28.056848526000977, 50.46489334106445, 55.954654693603516, 48.71540451049805, 50.69610595703125, 39.38539123535156, 24.012285232543945, 47.59379196166992, 41.686275482177734, 36.935546875, 47.8350944519043, 48.150856018066406, 41.65106201171875, 47.058135986328125, 50.270408630371094, 40.4243049621582, 52.166358947753906, 27.120742797851562, 49.486175537109375, 34.7237663269043, 25.057518005371094, 49.28986358642578, 38.35401153564453, 32.677494049072266, 51.30281448364258, 43.289127349853516, 44.00874710083008, 33.65581130981445, 29.10048484802246, 39.61445617675781, 44.73299026489258, 43.03316879272461, 52.05543899536133, 33.800498962402344, 42.372867584228516, 47.77424621582031, 55.98625183105469, 41.769935607910156, 26.417675018310547]}